epoch,training_loss,accuracy,precision,recall,f1score
1,0.28892533655414165,0.8850068775790921,0.9586580086580087,0.8064457392571013,0.8759889240506329
