epoch,training_loss,accuracy,precision,recall,f1score
1,0.26583529641063053,0.890600641907382,0.8722077922077922,0.9171522214129643,0.8941155587112807
